AC-ACRISP,AHB (S_REG): Artisan Crisp Apricot Pistachio Brandy
AC-APMB,AHB (S_REG): Apple Maple Butter Mini
AC-APOH,AHB (S_REG): Apricot with Orange & Honey Mini Jam
AC-APR,AHB (S_REG): Dried Apricots
AC-BACO,AHB (S_REG): Bacon Marmalade
AC-BCM,AHB (S_REG): Blackcurrant Mini Jam
AC-BLBALS,AHB (S_REG): Blackberry Balsamic Jam
AC-BLUCAR,AHB (S_REG): Blueberry Cardamom Jam
AC-BLUTH,AHB (S_REG): Blueberry Thyme Jam
AC-BRJA,AHB (S_REG): Blackberry Rosemary Jam
AC-CAOL,AHB (S_REG): Castelvetrano Olives
AC-CARM,AHB (S_REG): Caramelized Onions
AC-CBIS,AHB (S_REG): Buttermilk Biscuit Crackers
AC-CFPH,AHB (S_REG): Caramelized Fig & Pear with Honey Mini Jam
AC-CKET,AHB (S_REG): Caramel Kettle Corn
AC-COCO,AHB (S_REG): Coconut Cashews
AC-CROS,AHB (S_REG): Rustic Bakery Organic Sourdough Rosemary Flatbread Bites
AC-DALM,AHB (S_REG): Dark Chocolate Covered Almonds
AC-DCRAN,AHB (S_REG): Dark Chocolate Covered Cranberries
AC-DPAP,AHB (S_REG): Dried Papaya
AC-DPEC,AHB (S_REG): Dried Peaches
AC-DPIC,AHB (S_REG): Oh Snap Dilly Pickle Bites
AC-DTCH,AHB (S_REG): Dried Tart Cherries
AC-EFLAT,AHB (S_REG): Everything Flatbreads
AC-FALD,AHB (S_REG): French Honey Balsamic Dijon Mustard
AC-FALM,AHB (S_REG): French Tarragon Dijon Mustard
AC-FCCRAN,AHB (S_REG): Cranberry Sour Cherry & Extra Virgin Olive Oil Cracker
AC-FCEVOO,AHB (S_REG): Extra Virgin Olive Oil & Sea Salt Crackers
AC-FCFIGO,AHB (S_REG): Fig Honey & Extra Virgin Olive Oil Crackers
AC-FCROSE,AHB (S_REG): Rosemary & Extra Virgin Olive Oil Crackers
AC-FCWALN,AHB (S_REG): Walnut Honey & Extra Virgin Olive Oil Crackers
AC-FHOO,AHB (S_REG): Firehook Crackers
AC-FIGA,AHB (S_REG): Fig & Almond Cake
AC-FLH,AHB (S_REG): Fig Lemon Honey & Honey Preserves
AC-FOJ,AHB (S_REG): French Onion Rosemary Jam Mini
AC-FRESC,AHB (S_REG): Frescatrano Olives
AC-GAL,AHB (S_REG): Garlic Almonds
AC-GBEF,AHB (S_REG): Gooseberry Elderflower Mini Jam
AC-GLAW,AHB (S_REG): Glazed Walnuts
AC-HON,AHB (S_REG): Raw Honey with Comb
AC-KETT,AHB (S_REG): Red White & Blue Kettle Corn
AC-LFOLIVE,AHB (S_REG): Lemon Feta & Olive Mix
AC-MAME,AHB (S_REG): Roasted Edamame
AC-MANG,AHB (S_REG): Dried Mangoes
AC-MARC,AHB (S_REG): Spanish Salted Marcona Almonds
AC-MARC3,AHB (S_REG): Raw Marcona Almonds
AC-MCP,AHB (S_REG): Milk Chocolate Covered Pretzels
AC-MCW,AHB (S_REG): Organic Roasted Maple Cinnamon Walnuts
AC-MEDO,AHB (S_REG): Mediterranean Olives & Herb Medley
AC-MEMB,AHB (S_REG): Membrillo Quince Paste
AC-MFJ,AHB (S_REG): Mini Fig Jam
AC-MISS,AHB (S_REG): Black Mission Figs
AC-MPTZ8,AHB (S_REG): Martins Handmade Pretzels 8oz
AC-MUSTCH,AHB (S_REG): Stone Ground Mustard for Cheese
AC-PBLINI,AHB (S_REG): Peach Bellini Preserves
AC-PCRISP,AHB (S_REG): Artisan Spiced Pumpkin Crisps
AC-PFLAT,AHB (S_REG): Sesame Pretzel Flatbreads
AC-PINA,AHB (S_REG): Dried Pineapple Rings
AC-PMULB,AHB (S_REG): Dried Purple Mulberries
AC-PPCM,AHB (S_REG): Piri Piri Cocktail Mix
AC-PRPE,AHB (S_REG): Praline Pecans
AC-QUIC,AHB (S_REG): Quicos
AC-RBBS,AHB (S_REG): Rustic Bakery Organic Sesame Flatbread Bites
AC-RBOL,AHB (S_REG): Rustic Bakery Organic Olive Oil & Sel Gris Flatbread Bites
AC-RHAZ,AHB (S_REG): Hazelnuts
AC-RHB,AHB (S_REG): Raspberry Hibiscus Jam
AC-RMC,AHB (S_REG): Organic Roasted Maple Glazed Cashews
AC-RPJ,AHB (S_REG): Red Pepper Jelly Mini
AC-RSPM,AHB (S_REG): Raspberry Mostarda Mini Jam
AC-SBPBJ,AHB (S_REG): Spiced Peach Bourbon Jam
AC-SCJ,AHB (S_REG): Sour Cherry Mini Jam
AC-SCNM,AHB (S_REG): Spanish Cocktail Nut Mix
AC-SCP,AHB (S_REG): Spiced Caramel Pear Preserve
AC-SDF,AHB (S_REG): Sun-Dried Turkish Figs
AC-SLL,AHB (S_REG): Strawberry Lemon Lavendar Jam
AC-SMAL,AHB (S_REG): Sweet & Smoky Almonds
AC-SRHUB,AHB (S_REG): Strawberry Rhubarb Mini Jam
AC-STRAW,AHB (S_REG): Dried Chocolate Covered Strawberries
AC-TCP,AHB (S_REG): Tart Cherry with Cardamom & Port Mini Jam
AC-TCRISP,AHB (S_REG): Artisan Crisps - Tart Cherry Cranberry & Cacao Nib
AC-TOK,AHB (S_REG): Mitica Toketti Onion
AC-VMOJ,AHB (S_REG): Valencian Mandarin Orange
AC-WASP,AHB (S_REG): Wasabi Peas
AC-WASP2,AHB (S_REG): All Natural Wasabi Peas
CH-6COM,AHB (S_REG): Comte 6 Months
CH-ACAC,AHB (S_REG): Artisan Cave Aged Sharp Cheddar
CH-AGOU,AHB (S_REG): Dutch Aged Gouda
CH-AJACK,AHB (S_REG): Adironjack
CH-ALLV,AHB (S_REG): Asiago Allevo
CH-ALMA,AHB (S_REG): Alma Vorarlberge
CH-ALP,AHB (S_REG): Alp Blossom Floral Cheese
CH-ALPHA,AHB (S_REG): Alpha Tolman
CH-ARTEQ,AHB (S_REG): Artequeso Manchego
CH-ASIAGO,AHB (S_REG): Asiago
CH-ASST,AHB (S_REG): Asiago Stravecchio
CH-BAP,AHB (S_REG): Barricato Al Pepe
CH-BARI,AHB (S_REG): Barista
CH-BBCOF,AHB (S_REG): Barely Buzzed - Coffee Cheese
CH-BBLUE,AHB (S_REG): California Bay Blue
CH-BCR,AHB (S_REG): Baked Chocolate Ricotta
CH-BIX,AHB (S_REG): Bixby
CH-BLR,AHB (S_REG): Baked Lemon Ricotta
CH-BLUELEM,AHB (S_REG): Blueberry Lemon Thyme Goat Cheese
CH-BLUV,AHB (S_REG): Blueberry Vanilla Goat Cheese
CH-BOSI,AHB (S_REG): Robiola due Latte
CH-BPC,AHB (S_REG): Black Pepper Cheddar
CH-BREK,AHB (S_REG): Petite Breakfast
CH-BRIE,AHB (S_REG): Triple Creme Brie
CH-BRZ,AHB (S_REG): Prairie Breeze
CH-CABR,AHB (S_REG): Cabra al Gofio
CH-CAM,AHB (S_REG): Petit Camambert
CH-CAMPO,AHB (S_REG): Campo de Montalban
CH-CARO,AHB (S_REG): Cacio di Roma
CH-CCB,AHB (S_REG): Cabot Clothbound
CH-CCC,AHB (S_REG): Cabot Clothbound Cheddar
CH-CHALLER,AHB (S_REG): Challerhocker
CH-CONI,AHB (S_REG): Caramelized Onion Cheddar
CH-COWBOY,AHB (S_REG): Cowboy Coffee
CH-CSGOD,AHB (S_REG): Beauty Vintage Sharp Cheddar
CH-CTGOD,AHB (S_REG): Black Truffle Howling Hound Vintage Cheddar
CH-CTUF,AHB (S_REG): Caciotta Al Tartufo
CH-EBCC,AHB (S_REG): Everything Bagel Cheese Curds
CH-EBRIE,AHB (S_REG): Triple Cream Brie
CH-EMSW,AHB (S_REG): Imported Emmentaler Swiss
CH-ETX,AHB (S_REG): Etxegarai
CH-FAG,AHB (S_REG): Farmstead Aged Gouda
CH-FDCB,AHB (S_REG): French Double Cream Brie
CH-FEMM,AHB (S_REG): Entremont Emmentaler
CH-FENG,AHB (S_REG): Farmstead Fenugreek Gouda
CH-FONT,AHB (S_REG): Fontina Val DAosta
CH-FONTAL,AHB (S_REG): Fontal
CH-FOWC,AHB (S_REG): California Clothbound Cheddar
CH-FSRB,AHB (S_REG): French Soft-Ripened Brie
CH-GAOP,AHB (S_REG): Gruyere AOP
CH-GEVE,AHB (S_REG): Everything Bagel Goat Log
CH-GFLEECE,AHB (S_REG): Golden Fleece
CH-GHCC,AHB (S_REG): Garlic Habanero Cheese Curds
CH-GPBRIE,AHB (S_REG): Petit Garlic & Pepper Triple Cream Brie
CH-GUUB,AHB (S_REG): Gubbeen
CH-HARBM,AHB (S_REG): Mini Harbison
CH-HBGG,AHB (S_REG): Honey Bee Goat Gouda
CH-HCGU,AHB (S_REG): Honey Clover Gouda Packaged Slice
CH-HORN,AHB (S_REG): Hornbacher Alpine Cheese
CH-IPAC,AHB (S_REG): Fiddlehead IPA Cheddar
CH-IPRW,AHB (S_REG): Imported Parmigiano Reggiano
CH-KM39,AHB (S_REG): KM39
CH-KUNIK,AHB (S_REG): Nettle Meadow Kunik
CH-LEON,AHB (S_REG): Leonora
CH-LOSC,AHB (S_REG): Los Cameros de Romero
CH-LOU,AHB (S_REG): Lou Bergier
CH-LRB,AHB (S_REG): Regal de Bourgogne with Cranberries
CH-MAFT,AHB (S_REG): Marinated Australian Farmstead Cheese
CH-MAHO,AHB (S_REG): Mahon Menorca
CH-MANC,AHB (S_REG): Manchego Curado
CH-MARGOT,AHB (S_REG): Margot
CH-MAU3,AHB (S_REG): Manchego Aurora
CH-MCPC,AHB (S_REG): McCalls Grassfed Irish Porter Cheddar
CH-MIMO,AHB (S_REG): Mimolette
CH-MONET,AHB (S_REG): Woodside Monet Chevre
CH-MONT,AHB (S_REG): Montasio
CH-MOSES,AHB (S_REG): Moses Reaper
CH-MPOLO,AHB (S_REG): Marco Polo Packaged Slice
CH-MSF,AHB (S_REG): Mediterranean Style Feta
CH-MSMG,AHB (S_REG): Farmstead Smoked Gouda
CH-MSWISS,AHB (S_REG): Mustard Seed Swisserella
CH-NMACF,AHB (S_REG): Apple Cider Fromage
CH-NMMAP,AHB (S_REG): Maple Frais Fromage
CH-NMPSC,AHB (S_REG): Pumpkin Cider Fromage
CH-OFARM,AHB (S_REG): Old Farmdal
CH-OGFM,AHB (S_REG): Organic Grass-Fed Mozzarella
CH-OGK,AHB (S_REG): OG Kristal
CH-OTTA,AHB (S_REG): Frumage LOttavio
CH-PARM,AHB (S_REG): 24-Month Aged Parmigiano Reggiano
CH-PBGO,AHB (S_REG): Basil Pesto Gouda
CH-PBOO,AHB (S_REG): Petit Boo
CH-PBRIE,AHB (S_REG): Petit Triple Cream Brie
CH-PCROT,AHB (S_REG): Pecorino Crotonese
CH-PIMO,AHB (S_REG): Pimento Cheese Cups
CH-PRAD,AHB (S_REG): Pradera - Dutch Aged Gouda
CH-PRBZ,AHB (S_REG): Prairie Breeze.
CH-PROV,AHB (S_REG): Provolone Dolce
CH-PVEC,AHB (S_REG): Piave Vecchio
CH-QCAV,AHB (S_REG): Queso de Murcia al Vino DOP
CH-QOTA,AHB (S_REG): Queen of the Alps
CH-RACL,AHB (S_REG): Raclette Livradios
CH-RACO,AHB (S_REG): Raclette Obwalden
CH-RAMP,AHB (S_REG): Ramp Cheese
CH-RASHI,AHB (S_REG): TomaRashi
CH-ROMQ,AHB (S_REG): Romao Queso al Romero
CH-RP,AHB (S_REG): Ragged Point
CH-RQCAV,AHB (S_REG): The Drunken Goat Reserva
CH-SFG,AHB (S_REG): Summer Fields Gouda
CH-SHADOW,AHB (S_REG): Shadow Blossom
CH-SJGO,AHB (S_REG): San Joaquin Gold
CH-SMG,AHB (S_REG): Spanish Smoking Goat
CH-SOT,AHB (S_REG): Sottocenere with Truffles
CH-SPORT,AHB (S_REG): Port Salut
CH-SSIM,AHB (S_REG): San Simon DOP
CH-STIL,AHB (S_REG): Farmstead English Stilton Blue Cheese
CH-TETI,AHB (S_REG): Tetilla DOP
CH-TIP,AHB (S_REG): Tipperary Brie
CH-TOMT,AHB (S_REG): Georgia Tomme Packaged Slice
CH-TOPR,AHB (S_REG): Toma Provence
CH-TRUSEK,AHB (S_REG): Truffle Seeker
CH-TTBRIE,AHB (S_REG): Petit Truffle Triple Cream Brie
CH-UBRI,AHB (S_REG): Ubriaco al Prosecco
CH-UCONE,AHB (S_REG): Ubriacone
CH-UMIN,AHB (S_REG): Farmstead Cumin Gouda
CH-UROSE,AHB (S_REG): Ubriaco Pinot Rose
CH-V5CH,AHB (S_REG): Artisan Cave Aged Sharp Cheddar.
CH-VAT,AHB (S_REG): VAT 17 Cheddar Packaged Slice
CH-VBLUE,AHB (S_REG): Valdeon Blue
CH-WMANG,AHB (S_REG): Wensleydale with Mango & Ginger
CH-WWBC,AHB (S_REG): Wooly Wooly Black Garlic
CH-WWDI,AHB (S_REG): Wooly Wooly Diablo
CH-WWHO,AHB (S_REG): Wooly Wooly Honey & Oregano
CH-YFARM,AHB (S_REG): Young Farmdal
CHW-DRAG,AHB (S_REG): Dragon Slayer Ale & Mustard Cheddar
EX-ICE,AHB (S_REG): Extra 24oz Gel Pack
MR-JRNL,AHB (S_REG): Cheese Journal
MT-4JABPC,AHB (S_REG): Black Pepper & Cherry Prosciutto 4oz
MT-4JAHH,AHB (S_REG): Honey & Herb Prosciutto 4oz
MT-4PP,AHB (S_REG): Prosciutto Picante 4oz
MT-4PSS,AHB (S_REG): Sweet & Spicy Prosciutto 4oz
MT-ASPK,AHB (S_REG): Applewood Smoked Speck
MT-BCSC,AHB (S_REG): Beef Caraway Salami Chub
MT-BKCO,AHB (S_REG): Berkshire Coppa
MT-BPSS,AHB (S_REG): Black Pepper Summer Salami
MT-BRAS,AHB (S_REG): Uncured Wagyu Braseola
MT-BSS,AHB (S_REG): Beefsteak and Goathorn Pepper Salami
MT-CAPO,AHB (S_REG): Capocollo
MT-CBCO,AHB (S_REG): Cider Brined Coppa
MT-CCBS,AHB (S_REG): Belgian Style Quad Ale Salami
MT-CCCS,AHB (S_REG): Chorizo Seco
MT-CCSP,AHB (S_REG): Salami Piccante with Cognac
MT-COPPA,AHB (S_REG): Coppa Italiana
MT-GEN,AHB (S_REG): Black Pepper Uncured Genoa Salami
MT-HOTP,AHB (S_REG): Hot Honey Prosciutto
MT-IBHP,AHB (S_REG): Jamon Iberico
MT-IBRES,AHB (S_REG): Bresaola Italiana
MT-JABPC,AHB (S_REG): Black Pepper Cherry Prosciutto
MT-JAHH,AHB (S_REG): Jambon Honey & Herb
MT-JAMS,AHB (S_REG): Jamon Serrano
MT-JUNI,AHB (S_REG): Juniper Salami Chub
MT-LONZ,AHB (S_REG): Lonza
MT-PARM,AHB (S_REG): Parmesan & Pepper Salami
MT-PP,AHB (S_REG): Prosciutto Piccante
MT-PRO,AHB (S_REG): Prosciutto
MT-PSS,AHB (S_REG): Sweet & Spicy Prosciutto
MT-PTUF,AHB (S_REG): Black Truffle Prosciutto
MT-RAMP,AHB (S_REG): Ramp Salami
MT-REDW,AHB (S_REG): Red Wine & Garlic Salami Chub
MT-SBRES,AHB (S_REG): Beef Bresaola
MT-SCHI,AHB (S_REG): Salami Chianti
MT-SFEN,AHB (S_REG): Finocchiona
MT-SFNL,AHB (S_REG): Salted Fennel Salami Chub
MT-SLRWG,AHB (S_REG): Red Wine & Garlic Sliced Salami
MT-SMASH,AHB (S_REG): Southern Smash
MT-SOP,AHB (S_REG): Sopressata
MT-SPAP,AHB (S_REG): Smoked Paprika Chorizo
MT-STCOP,AHB (S_REG): Southern Coppa
MT-STCZ,AHB (S_REG): Southern Chorizo
MT-STSB,AHB (S_REG): Classic Bistro Salami
MT-STUF,AHB (S_REG): Salami Truffle
MT-TICH,AHB (S_REG): Spicy Pecan Smoked Chorizo Iberico
MT-TUSC,AHB (S_REG): Toscano Salame
PK-BITESGUIDE,AHB (S_REG): Tasting Guide - Gourmet Bites
PK-FCUST,AHB (S_REG): Tasting Guide - The First AppyHour
PK-TCUST,AHB (S_REG): Tasting Guide - Custom Box
PK-TMDT,AHB (S_REG): Tasting Guide - Mediterranean Escape
PK-TSTBL,AHB (S_REG): Tasting Guide - Blue
PK-TSTBX0,AHB (S_REG): Tasting Guide - BOX0
PK-TSTG,AHB (S_REG): Tasting Guide - Curated Box
PK-TSTOR,AHB (S_REG): Tasting Guide - Orange
PR-ACACBL,AHB (S_REG): Artisan Cave Aged Cheddar & Blueberry Thyme Jam
PR-BRIBL,AHB (S_REG): Triple Creme Brie & Blueberry Thyme Jam
PR-GEVEBL,AHB (S_REG): Everything Bagel Goat Log & Blueberry Thyme Jam
PR-GRUBLK,AHB (S_REG): Gruyere AOP & Blackberry Jam
PR-MAHOCFP,AHB (S_REG): Mahon Menorca & Caramelized Fig Jam
PR-MANCOG,AHB (S_REG): Manchego Curado & Valencia Orange Jam
PR-MPOLOVMOJ,AHB (S_REG): Marco Polo & Valencia Orange Jam
PR-STIBL,AHB (S_REG): Stilton Blue Cheese & Blueberry Thyme Jam
PR-VATBLUTH,AHB (S_REG): VAT 17 Cheddar & Blueberry Thyme Jam
TR-AAB,AHB (S_REG): American Artisan Board (Tray)
TR-ALPAP,AHB (S_REG): Alpine Apertivo (Tray)
TR-APRES,AHB (S_REG): Apres Ski (Tray)
TR-DGG,AHB (S_REG): Dutch Golden Age (Tray)
TR-FTC,AHB (S_REG): From the Cave (Tray)
TR-ICTRY,AHB (S_REG): Italian Countryside (Tray)
TR-NM-AMCL,AHB (S_REG): American Classic (Tray)
TR-NM-BTAPAS,AHB (S_REG): Bold Tapas (Tray)
TR-NM-SWSV,AHB (S_REG): Sweet & Savory (Tray)
TR-NMNN-HHARV,AHB (S_REG): Honey Harvest (Tray)
TR-NMNN-LDV,AHB (S_REG): La Dolce Vita (Tray)
TR-NMNN-SHOUSE,AHB (S_REG): Smokehouse (Tray)
TR-PICVE,AHB (S_REG): Picnic in Venice (Tray)
TR-ROME,AHB (S_REG): When in Rome
TR-ROSE,AHB (S_REG): Rose All Day (Tray)
TR-SFH,AHB (S_REG): Salt Fat Heat
TR-TAPAS,AHB (S_REG): Traditional Tapas (Tray)
TR-TRUFF,AHB (S_REG): Truffle Hunter (Tray)
TR-UMAMI,AHB (S_REG): Umami Bomb (Tray)
