AC-CBIS,"AHB (S_REG): Buttermilk Biscuit Crackers"
CH-VAT,"AHB (S_REG): VAT 17 Cheddar Packaged Slice"
CH-MPOLO,"AHB (S_REG): Marco Polo Packaged Slice"
CH-HCGU,"AHB (S_REG): Honey Clover Gouda Packaged Slice"
MT-STCZ,"AHB (S_REG): Southern Chorizo"
AC-PRPE,"AHB (S_REG): Praline Pecans"
AC-DPEC,"AHB (S_REG): Dried Peaches"
CH-PIMO,"AHB (S_REG): Pimento Cheese Cups"
CH-TOMT,"AHB (S_REG): Georgia Tomme Packaged Slice"
AC-SBPBJ,"AHB (S_REG): Spiced Peach Bourbon Jam"
MT-STCOP,"AHB (S_REG): Southern Coppa"
AC-RSPM,"AHB (S_REG): Raspberry Mostarda Mini Jam"
MT-SOP,"AHB (S_REG): Sopressata"
AC-APR,"AHB (S_REG): Dried Apricots"
MT-STSB,"AHB (S_REG): Classic Bistro Salami"
MT-JABPC,"AHB (S_REG): Black Pepper Cherry Prosciutto"
MT-ASPK,"AHB (S_REG): Applewood Smoked Speck"
AC-FOJ,"AHB (S_REG): French Onion Rosemary Jam Mini"
CH-BRIE,"AHB (S_REG): Triple Creme Brie"
CH-FSRB,"AHB (S_REG): French Soft-Ripened Brie"
MT-PP,"AHB (S_REG): Prosciutto Piccante"
AC-CAOL,"AHB (S_REG): Castelvetrano Olives"
CH-OGFM,"AHB (S_REG): Organic Grass-Fed Mozzarella"
MT-PRO,"AHB (S_REG): Prosciutto"
AC-HON,"AHB (S_REG): Raw Honey with Comb"
AC-BACO,"AHB (S_REG): Bacon Marmalade"
CH-PARM,"AHB (S_REG): 24-Month Aged Parmigiano Reggiano"
MT-BCSC,"AHB (S_REG): Beef Caraway Salami Chub"
AC-GAL,"AHB (S_REG): Garlic Almonds"
CH-PBGO,"AHB (S_REG): Basil Pesto Gouda"
MT-JAHH,"AHB (S_REG): Jambon Honey & Herb"
AC-CFPH,"AHB (S_REG): Caramelized Fig & Pear with Honey Mini Jam"
MT-SMASH,"AHB (S_REG): Southern Smash"
MT-BKCO,"AHB (S_REG): Berkshire Coppa"
CH-GAOP,"AHB (S_REG): Gruyere AOP"
CH-MANC,"AHB (S_REG): Manchego Curado"
CH-BRZ,"AHB (S_REG): Prairie Breeze"
AC-RPJ,"AHB (S_REG): Red Pepper Jelly Mini"
AC-SDF,"AHB (S_REG): Sun-Dried Turkish Figs"
CH-HARBM,"AHB (S_REG): Mini Harbison"
CH-MAFT,"AHB (S_REG): Marinated Australian Farmstead Cheese"
AC-MPTZ8,"AHB (S_REG): Martins Handmade Pretzels 8oz"
MT-BPSS,"AHB (S_REG): Black Pepper Summer Salami"
CH-STIL,"AHB (S_REG): Farmstead English Stilton Blue Cheese"
CH-IPRW,"AHB (S_REG): Imported Parmigiano Reggiano"
CH-EMSW,"AHB (S_REG): Imported Emmentaler Swiss"
CH-MSF,"AHB (S_REG): Mediterranean Style Feta"
AC-FHOO,"AHB (S_REG): Firehook Crackers"
AC-FALD,"AHB (S_REG): French Honey Balsamic Dijon Mustard"
AC-FALM,"AHB (S_REG): French Tarragon Dijon Mustard"
AC-SCNM,"AHB (S_REG): Spanish Cocktail Nut Mix"
AC-DPAP,"AHB (S_REG): Dried Papaya"
CH-AGOU,"AHB (S_REG): Dutch Aged Gouda"
CH-FDCB,"AHB (S_REG): French Double Cream Brie"
CH-ACAC,"AHB (S_REG): Artisan Cave Aged Sharp Cheddar"
CH-FOWC,"AHB (S_REG): California Clothbound Cheddar"
CHW-DRAG,"AHB (S_REG): Dragon Slayer Ale & Mustard Cheddar"
AC-DTCH,"AHB (S_REG): Dried Tart Cherries"
CH-PRBZ,"AHB (S_REG): Prairie Breeze."
MT-CBCO,"AHB (S_REG): Cider Brined Coppa"
AC-BRJA,"AHB (S_REG): Blackberry Rosemary Jam"
AC-VMOJ,"AHB (S_REG): Valencian Mandarin Orange"
AC-PPCM,"AHB (S_REG): Piri Piri Cocktail Mix"
CH-QCAV,"AHB (S_REG): Queso de Murcia al Vino DOP"
CH-MAHO,"AHB (S_REG): Mahon Menorca"
CH-V5CH,"AHB (S_REG): Artisan Cave Aged Sharp Cheddar."
CH-HBGG,"AHB (S_REG): Honey Bee Goat Gouda"
CH-LOSC,"AHB (S_REG): Los Cameros de Romero"
AC-MARC,"AHB (S_REG): Spanish Salted Marcona Almonds"
CH-SMG,"AHB (S_REG): Spanish Smoking Goat"
MT-SFEN,"AHB (S_REG): Finocchiona"
CH-CABR,"AHB (S_REG): Cabra al Gofio"
CH-UBRI,"AHB (S_REG): Ubriaco al Prosecco"
CH-WWDI,"AHB (S_REG): Wooly Wooly Diablo"
MT-RAMP,"AHB (S_REG): Ramp Salami"
MT-LONZ,"AHB (S_REG): Lonza"
MT-SLRWG,"AHB (S_REG): Red Wine & Garlic Sliced Salami"
AC-SMAL,"AHB (S_REG): Sweet & Smoky Almonds"
CH-FENG,"AHB (S_REG): Farmstead Fenugreek Gouda"
CH-MSMG,"AHB (S_REG): Farmstead Smoked Gouda"
MT-IBHP,"AHB (S_REG): Jamon Iberico"
AC-MEMB,"AHB (S_REG): Membrillo Quince Paste"
MT-JAMS,"AHB (S_REG): Jamon Serrano"
AC-FIGA,"AHB (S_REG): Fig & Almond Cake"
PK-TSTBX0,"AHB (S_REG): Tasting Guide - BOX0"
PK-TSTOR,"AHB (S_REG): Tasting Guide - Orange"
PK-TSTBL,"AHB (S_REG): Tasting Guide - Blue"
MT-REDW,"AHB (S_REG): Red Wine & Garlic Salami Chub"
AC-RBBS,"AHB (S_REG): Rustic Bakery Organic Sesame Flatbread Bites"
CH-GEVE,"AHB (S_REG): Everything Bagel Goat Log"
CH-BBCOF,"AHB (S_REG): Barely Buzzed - Coffee Cheese"
CH-SJGO,"AHB (S_REG): San Joaquin Gold"
MT-PSS,"AHB (S_REG): Sweet & Spicy Prosciutto"
AC-SLL,"AHB (S_REG): Strawberry Lemon Lavendar Jam"
CH-SFG,"AHB (S_REG): Summer Fields Gouda"
MT-JUNI,"AHB (S_REG): Juniper Salami Chub"
AC-MCP,"AHB (S_REG): Milk Chocolate Covered Pretzels"
AC-CROS,"AHB (S_REG): Rustic Bakery Organic Sourdough Rosemary Flatbread Bites"
CH-FAG,"AHB (S_REG): Farmstead Aged Gouda"
PK-TSTG,"AHB (S_REG): Tasting Guide - Curated Box"
AC-BLUTH,"AHB (S_REG): Blueberry Thyme Jam"
CH-HORN,"AHB (S_REG): Hornbacher Alpine Cheese"
CH-ALP,"AHB (S_REG): Alp Blossom Floral Cheese"
AC-STRAW,"AHB (S_REG): Dried Chocolate Covered Strawberries"
AC-RBOL,"AHB (S_REG): Rustic Bakery Organic Olive Oil & Sel Gris Flatbread Bites"
EX-ICE,"AHB (S_REG): Extra 24oz Gel Pack"
PR-STIBL,"AHB (S_REG): Stilton Blue Cheese & Blueberry Thyme Jam"
PR-ACACBL,"AHB (S_REG): Artisan Cave Aged Cheddar & Blueberry Thyme Jam"
PR-BRIBL,"AHB (S_REG): Triple Creme Brie & Blueberry Thyme Jam"
AC-MUSTCH,"AHB (S_REG): Stone Ground Mustard for Cheese"
PR-GRUBLK,"AHB (S_REG): Gruyere AOP & Blackberry Jam"
PR-MANCOG,"AHB (S_REG): Manchego Curado & Valencia Orange Jam"
AC-COCO,"AHB (S_REG): Coconut Cashews"
AC-MANG,"AHB (S_REG): Dried Mangoes"
MT-SFNL,"AHB (S_REG): Salted Fennel Salami Chub"
AC-DPIC,"AHB (S_REG): Oh Snap Dilly Pickle Bites"
PR-VATBLUTH,"AHB (S_REG): VAT 17 Cheddar & Blueberry Thyme Jam"
PR-MPOLOVMOJ,"AHB (S_REG): Marco Polo & Valencia Orange Jam"
PR-GEVEBL,"AHB (S_REG): Everything Bagel Goat Log & Blueberry Thyme Jam"
AC-TCP,"AHB (S_REG): Tart Cherry with Cardamom & Port Mini Jam"
AC-RHB,"AHB (S_REG): Raspberry Hibiscus Jam"
AC-MEDO,"AHB (S_REG): Mediterranean Olives & Herb Medley"
CH-RASHI,"AHB (S_REG): TomaRashi"
AC-TCRISP,"AHB (S_REG): Artisan Crisps - Tart Cherry Cranberry & Cacao Nib"
PR-MAHOCFP,"AHB (S_REG): Mahon Menorca & Caramelized Fig Jam"
CH-CTUF,"AHB (S_REG): Caciotta Al Tartufo"
CH-MAU3,"AHB (S_REG): Manchego Aurora"
CH-MSWISS,"AHB (S_REG): Mustard Seed Swisserella"
CH-PRAD,"AHB (S_REG): Pradera - Dutch Aged Gouda"
MT-CAPO,"AHB (S_REG): Capocollo"
CH-BBLUE,"AHB (S_REG): California Bay Blue"
MT-SPAP,"AHB (S_REG): Smoked Paprika Chorizo"
CH-TOPR,"AHB (S_REG): Toma Provence"
AC-BLBALS,"AHB (S_REG): Blackberry Balsamic Jam"
CH-CCB,"AHB (S_REG): Cabot Clothbound"
PK-TCUST,"AHB (S_REG): Tasting Guide - Custom Box"
TR-ALPAP,"AHB (S_REG): Alpine Apertivo (Tray)"
TR-FTC,"AHB (S_REG): From the Cave (Tray)"
TR-SFH,"AHB (S_REG): Salt Fat Heat"
AC-RHAZ,"AHB (S_REG): Hazelnuts"
CH-PVEC,"AHB (S_REG): Piave Vecchio"
CH-BAP,"AHB (S_REG): Barricato Al Pepe"
CH-ASIAGO,"AHB (S_REG): Asiago"
CH-BLR,"AHB (S_REG): Baked Lemon Ricotta"
CH-ROMQ,"AHB (S_REG): Romao Queso al Romero"
CH-WWBC,"AHB (S_REG): Wooly Wooly Black Garlic"
CH-EBCC,"AHB (S_REG): Everything Bagel Cheese Curds"
CH-GHCC,"AHB (S_REG): Garlic Habanero Cheese Curds"
MT-GEN,"AHB (S_REG): Black Pepper Uncured Genoa Salami"
MT-4JABPC,"AHB (S_REG): Black Pepper & Cherry Prosciutto 4oz"
MT-4JAHH,"AHB (S_REG): Honey & Herb Prosciutto 4oz"
MT-4PP,"AHB (S_REG): Prosciutto Picante 4oz"
MT-4PSS,"AHB (S_REG): Sweet & Spicy Prosciutto 4oz"
AC-ACRISP,"AHB (S_REG): Artisan Crisp Apricot Pistachio Brandy"
AC-PCRISP,"AHB (S_REG): Artisan Spiced Pumpkin Crisps"
AC-APOH,"AHB (S_REG): Apricot with Orange & Honey Mini Jam"
AC-DCRAN,"AHB (S_REG): Dark Chocolate Covered Cranberries"
CH-IPAC,"AHB (S_REG): Fiddlehead IPA Cheddar"
AC-SCP,"AHB (S_REG): Spiced Caramel Pear Preserve"
CH-PBOO,"AHB (S_REG): Petit Boo"
CH-NMACF,"AHB (S_REG): Apple Cider Fromage"
CH-NMPSC,"AHB (S_REG): Pumpkin Cider Fromage"
CH-MOSES,"AHB (S_REG): Moses Reaper"
CH-NMMAP,"AHB (S_REG): Maple Frais Fromage"
MT-TUSC,"AHB (S_REG): Toscano Salame"
CH-COWBOY,"AHB (S_REG): Cowboy Coffee"
CH-TRUSEK,"AHB (S_REG): Truffle Seeker"
MT-BRAS,"AHB (S_REG): Uncured Wagyu Braseola"
CH-AJACK,"AHB (S_REG): Adironjack"
CH-ALPHA,"AHB (S_REG): Alpha Tolman"
CH-CAMPO,"AHB (S_REG): Campo de Montalban"
CH-CHALLER,"AHB (S_REG): Challerhocker"
CH-KUNIK,"AHB (S_REG): Nettle Meadow Kunik"
CH-LRB,"AHB (S_REG): Regal de Bourgogne with Cranberries"
CH-SOT,"AHB (S_REG): Sottocenere with Truffles"
CH-VBLUE,"AHB (S_REG): Valdeon Blue"
AC-FLH,"AHB (S_REG): Fig Lemon Honey & Honey Preserves"
CH-UCONE,"AHB (S_REG): Ubriacone"
AC-GBEF,"AHB (S_REG): Gooseberry Elderflower Mini Jam"
AC-SRHUB,"AHB (S_REG): Strawberry Rhubarb Mini Jam"
AC-APMB,"AHB (S_REG): Apple Maple Butter Mini"
AC-PBLINI,"AHB (S_REG): Peach Bellini Preserves"
CH-UROSE,"AHB (S_REG): Ubriaco Pinot Rose"
AC-LFOLIVE,"AHB (S_REG): Lemon Feta & Olive Mix"
CH-EBRIE,"AHB (S_REG): Triple Cream Brie"
CH-FONTAL,"AHB (S_REG): Fontal"
CH-KM39,"AHB (S_REG): KM39"
CH-LOU,"AHB (S_REG): Lou Bergier"
CH-MARGOT,"AHB (S_REG): Margot"
CH-RQCAV,"AHB (S_REG): The Drunken Goat Reserva"
CH-BCR,"AHB (S_REG): Baked Chocolate Ricotta"
CH-CSGOD,"AHB (S_REG): Beauty Vintage Sharp Cheddar"
CH-CTGOD,"AHB (S_REG): Black Truffle Howling Hound Vintage Cheddar"
CH-6COM,"AHB (S_REG): Comte 6 Months"
AC-DALM,"AHB (S_REG): Dark Chocolate Covered Almonds"
CH-MONET,"AHB (S_REG): Woodside Monet Chevre"
CH-FEMM,"AHB (S_REG): Entremont Emmentaler"
CH-CAM,"AHB (S_REG): Petit Camambert"
CH-GPBRIE,"AHB (S_REG): Petit Garlic & Pepper Triple Cream Brie"
CH-PBRIE,"AHB (S_REG): Petit Triple Cream Brie"
CH-TTBRIE,"AHB (S_REG): Petit Truffle Triple Cream Brie"
CH-SPORT,"AHB (S_REG): Port Salut"
CH-RACL,"AHB (S_REG): Raclette Livradios"
PK-FCUST,"AHB (S_REG): Tasting Guide - The First AppyHour"
AC-EFLAT,"AHB (S_REG): Everything Flatbreads"
CH-MCPC,"AHB (S_REG): McCalls Grassfed Irish Porter Cheddar"
PK-TMDT,"AHB (S_REG): Tasting Guide - Mediterranean Escape"
AC-PFLAT,"AHB (S_REG): Sesame Pretzel Flatbreads"
CH-WMANG,"AHB (S_REG): Wensleydale with Mango & Ginger"
CH-BARI,"AHB (S_REG): Barista"
CH-LEON,"AHB (S_REG): Leonora"
CH-SHADOW,"AHB (S_REG): Shadow Blossom"
CH-TIP,"AHB (S_REG): Tipperary Brie"
TR-AAB,"AHB (S_REG): American Artisan Board (Tray)"
TR-APRES,"AHB (S_REG): Apres Ski (Tray)"
TR-DGG,"AHB (S_REG): Dutch Golden Age (Tray)"
TR-ICTRY,"AHB (S_REG): Italian Countryside (Tray)"
TR-ROSE,"AHB (S_REG): Rose All Day (Tray)"
TR-TAPAS,"AHB (S_REG): Traditional Tapas (Tray)"
CH-GUUB,"AHB (S_REG): Gubbeen"
AC-PMULB,"AHB (S_REG): Dried Purple Mulberries"
CH-BLUELEM,"AHB (S_REG): Blueberry Lemon Thyme Goat Cheese"
CH-CCC,"AHB (S_REG): Cabot Clothbound Cheddar"
AC-FRESC,"AHB (S_REG): Frescatrano Olives"
MT-SBRES,"AHB (S_REG): Beef Bresaola"
CH-ALMA,"AHB (S_REG): Alma Vorarlberge"
CH-BIX,"AHB (S_REG): Bixby"
PK-BITESGUIDE,"AHB (S_REG): Tasting Guide - Gourmet Bites"
CH-OGK,"AHB (S_REG): OG Kristal"
CH-RP,"AHB (S_REG): Ragged Point"
CH-YFARM,"AHB (S_REG): Young Farmdal"
CH-FONT,"AHB (S_REG): Fontina Val DAosta"
CH-GFLEECE,"AHB (S_REG): Golden Fleece"
TR-TRUFF,"AHB (S_REG): Truffle Hunter (Tray)"
MT-BSS,"AHB (S_REG): Beefsteak and Goathorn Pepper Salami"
CH-BLUV,"AHB (S_REG): Blueberry Vanilla Goat Cheese"
AC-GLAW,"AHB (S_REG): Glazed Walnuts"
CH-BOSI,"AHB (S_REG): Robiola due Latte"
AC-CARM,"AHB (S_REG): Caramelized Onions"
MT-SCHI,"AHB (S_REG): Salami Chianti"
MT-STUF,"AHB (S_REG): Salami Truffle"
TR-UMAMI,"AHB (S_REG): Umami Bomb (Tray)"
AC-BLUCAR,"AHB (S_REG): Blueberry Cardamom Jam"
MT-COPPA,"AHB (S_REG): Coppa Italiana"
CH-OFARM,"AHB (S_REG): Old Farmdal"
CH-RAMP,"AHB (S_REG): Ramp Cheese"
AC-PINA,"AHB (S_REG): Dried Pineapple Rings"
MT-CCCS,"AHB (S_REG): Chorizo Seco"
AC-TOK,"AHB (S_REG): Mitica Toketti Onion"
CH-ASST,"AHB (S_REG): Asiago Stravecchio"
CH-ALLV,"AHB (S_REG): Asiago Allevo"
CH-CARO,"AHB (S_REG): Cacio di Roma"
AC-MISS,"AHB (S_REG): Black Mission Figs"
CH-UMIN,"AHB (S_REG): Farmstead Cumin Gouda"
MT-CCBS,"AHB (S_REG): Belgian Style Quad Ale Salami"
MT-CCSP,"AHB (S_REG): Salami Piccante with Cognac"
MT-PTUF,"AHB (S_REG): Black Truffle Prosciutto"
MT-PARM,"AHB (S_REG): Parmesan & Pepper Salami"
CH-BREK,"AHB (S_REG): Petite Breakfast"
AC-FCCRAN,"AHB (S_REG): Cranberry Sour Cherry & Extra Virgin Olive Oil Cracker"
AC-FCEVOO,"AHB (S_REG): Extra Virgin Olive Oil & Sea Salt Crackers"
CH-CONI,"AHB (S_REG): Caramelized Onion Cheddar"
AC-WASP,"AHB (S_REG): Wasabi Peas"
AC-WASP2,"AHB (S_REG): All Natural Wasabi Peas"
MT-TICH,"AHB (S_REG): Spicy Pecan Smoked Chorizo Iberico"
CH-WWHO,"AHB (S_REG): Wooly Wooly Honey & Oregano"
CH-TETI,"AHB (S_REG): Tetilla DOP"
CH-SSIM,"AHB (S_REG): San Simon DOP"
AC-KETT,"AHB (S_REG): Red White & Blue Kettle Corn"
CH-ETX,"AHB (S_REG): Etxegarai"
CH-PCROT,"AHB (S_REG): Pecorino Crotonese"
AC-MARC3,"AHB (S_REG): Raw Marcona Almonds"
TR-PICVE,"AHB (S_REG): Picnic in Venice (Tray)"
MR-JRNL,"AHB (S_REG): Cheese Journal"
TR-ROME,"AHB (S_REG): When in Rome"
CH-ARTEQ,"AHB (S_REG): Artequeso Manchego"
CH-MONT,"AHB (S_REG): Montasio"
CH-QOTA,"AHB (S_REG): Queen of the Alps"
AC-BCM,"AHB (S_REG): Blackcurrant Mini Jam"
MT-IBRES,"AHB (S_REG): Bresaola Italiana"
AC-MAME,"AHB (S_REG): Roasted Edamame"
AC-FCWALN,"AHB (S_REG): Walnut Honey & Extra Virgin Olive Oil Crackers"
AC-SCJ,"AHB (S_REG): Sour Cherry Mini Jam"
AC-QUIC,"AHB (S_REG): Quicos"
CH-OTTA,"AHB (S_REG): Frumage LOttavio"
AC-FCROSE,"AHB (S_REG): Rosemary & Extra Virgin Olive Oil Crackers"
